{
	"scripts":[
		{
			"name":"IK Solver",
			"author":"Eva Valls",
			"version": "0.1",
			"script_url":"scripts/ik.js",
			"includes":[],
			"description":"Solves a simple IK Chain",
			"preview_url":null,
			"video_url":null
		},
		{
			"name":"Physics",
			"author":"Javi Agenjo",
			"version": "0.1",
			"script_url":"scripts/physics.js",
			"includes":[],
			"description":"Physics engine",
			"preview_url":null,
			"video_url":null
		},		
		{
			"name":"ThreeJS bridge",
			"author":"Javi Agenjo",
			"version": "0.1",
			"script_url":"scripts/threeJS.js",
			"includes":[],
			"description":"Allows to include ThreeJS code inside a LiteScene",
			"preview_url":null,
			"video_url":null
		},
		{
			"name":"Volumetric Render",
			"author":"Javi Agenjo",
			"version": "0.1",
			"script_url":"scripts/volumetric.js",
			"includes":[],
			"description":"Allows to render volumetric data (like medical scans or clouds)",
			"preview_url":null,
			"video_url":null
		},
		{
			"name":"Terrain Render",
			"author":"Javi Agenjo",
			"version": "0.1",
			"script_url":"scripts/terrainRenderer.js",
			"includes":[],
			"description":"Allows to render heightmaps from a texture",
			"preview_url":null,
			"video_url":null
		},
		{
			"name":"SillyClient",
			"author":"Javi Agenjo",
			"version": "0.1",
			"script_url":"https://tamats.com/projects/sillyserver/src/sillyclient.js",
			"includes":[],
			"description":"Allows to connect to a SillyServer to connect users",
			"preview_url":null,
			"video_url":null
		}
	]
}